粉丝数, 时间
10058,Thu Jul 28 02:04:54 2022
10059,Thu Jul 28 03:10:38 2022
10059,Thu Jul 28 03:14:33 2022
10062,Thu Jul 28 05:02:12 2022
10065,Thu Jul 28 06:44:48 2022
10072,Thu Jul 28 08:42:54 2022
10076,Thu Jul 28 10:41:09 2022
10078,Thu Jul 28 13:10:01 2022
10084,Thu Jul 28 14:38:33 2022
10086,Thu Jul 28 16:58:47 2022
10088,Thu Jul 28 18:45:36 2022
10088,Thu Jul 28 20:38:06 2022
10090,Thu Jul 28 22:36:18 2022
10098,Fri Jul 29 02:58:26 2022
10102,Fri Jul 29 05:05:52 2022
10104,Fri Jul 29 06:45:20 2022
10108,Fri Jul 29 08:42:08 2022
10109,Fri Jul 29 10:42:07 2022
10111,Fri Jul 29 13:08:33 2022
10112,Fri Jul 29 14:34:12 2022
10115,Fri Jul 29 16:53:09 2022
10117,Fri Jul 29 18:44:36 2022
10119,Fri Jul 29 20:38:26 2022
10120,Fri Jul 29 22:36:56 2022
10124,Sat Jul 30 02:42:21 2022
10124,Sat Jul 30 04:56:48 2022
10126,Sat Jul 30 06:41:51 2022
10126,Sat Jul 30 08:40:35 2022
10128,Sat Jul 30 10:37:36 2022
10129,Sat Jul 30 12:55:54 2022
10129,Sat Jul 30 14:33:31 2022
10129,Sat Jul 30 16:49:05 2022
10129,Sat Jul 30 18:40:27 2022
10129,Sat Jul 30 20:35:24 2022
10130,Sat Jul 30 22:35:16 2022
10132,Sun Jul 31 02:55:59 2022
10133,Sun Jul 31 04:54:28 2022
10134,Sun Jul 31 06:41:57 2022
10135,Sun Jul 31 08:39:16 2022
10134,Sun Jul 31 10:37:47 2022
10135,Sun Jul 31 12:58:16 2022
10138,Sun Jul 31 14:33:29 2022
10142,Sun Jul 31 16:48:50 2022
10142,Sun Jul 31 18:40:28 2022
10143,Sun Jul 31 20:36:09 2022
10143,Sun Jul 31 22:35:37 2022
10146,Mon Aug  1 03:04:16 2022
10147,Mon Aug  1 05:37:38 2022
10149,Mon Aug  1 06:57:13 2022
10150,Mon Aug  1 08:43:28 2022
10150,Mon Aug  1 10:42:34 2022
10153,Mon Aug  1 13:11:30 2022
10153,Mon Aug  1 14:36:29 2022
10155,Mon Aug  1 16:57:18 2022
10155,Mon Aug  1 18:47:36 2022
10154,Mon Aug  1 20:40:03 2022
10154,Mon Aug  1 22:38:40 2022
10153,Tue Aug  2 03:08:35 2022
10155,Tue Aug  2 05:30:07 2022
10155,Tue Aug  2 06:43:42 2022
10155,Tue Aug  2 08:45:21 2022
10155,Tue Aug  2 10:43:24 2022
10155,Tue Aug  2 13:07:09 2022
10158,Tue Aug  2 14:36:34 2022
10158,Tue Aug  2 16:57:27 2022
10160,Tue Aug  2 18:42:42 2022
10162,Tue Aug  2 20:37:23 2022
10162,Tue Aug  2 22:39:07 2022
10163,Wed Aug  3 02:54:35 2022
10166,Wed Aug  3 05:26:00 2022
10167,Wed Aug  3 06:43:29 2022
10168,Wed Aug  3 08:45:33 2022
10168,Wed Aug  3 10:38:49 2022
10168,Wed Aug  3 13:09:00 2022
10171,Wed Aug  3 14:34:39 2022
10172,Wed Aug  3 16:52:18 2022
10172,Wed Aug  3 18:43:09 2022
10172,Wed Aug  3 20:37:33 2022
10172,Wed Aug  3 22:38:12 2022
10172,Thu Aug  4 02:35:49 2022
10178,Thu Aug  4 05:06:07 2022
10181,Thu Aug  4 06:46:09 2022
10182,Thu Aug  4 08:46:15 2022
10182,Thu Aug  4 10:41:27 2022
10184,Thu Aug  4 13:07:11 2022
10187,Thu Aug  4 14:34:39 2022
10192,Thu Aug  4 16:56:17 2022
10194,Thu Aug  4 18:43:33 2022
10194,Thu Aug  4 20:37:52 2022
10194,Thu Aug  4 22:36:55 2022
10197,Fri Aug  5 02:44:40 2022
10198,Fri Aug  5 05:05:50 2022
10200,Fri Aug  5 06:44:44 2022
10201,Fri Aug  5 08:41:15 2022
10200,Fri Aug  5 10:38:54 2022
10200,Fri Aug  5 13:09:05 2022
10200,Fri Aug  5 14:37:10 2022
10211,Fri Aug  5 16:57:20 2022
10211,Fri Aug  5 18:43:12 2022
10212,Fri Aug  5 20:37:15 2022
10213,Fri Aug  5 22:36:41 2022
10218,Sat Aug  6 02:31:34 2022
10220,Sat Aug  6 04:46:27 2022
10220,Sat Aug  6 06:42:11 2022
10219,Sat Aug  6 08:40:34 2022
10220,Sat Aug  6 10:37:43 2022
10222,Sat Aug  6 12:56:04 2022
10225,Sat Aug  6 14:33:35 2022
10229,Sat Aug  6 16:49:05 2022
10230,Sat Aug  6 18:41:05 2022
10232,Sat Aug  6 20:35:40 2022
10232,Sat Aug  6 22:35:45 2022
10239,Sun Aug  7 02:38:29 2022
10242,Sun Aug  7 04:47:10 2022
10245,Sun Aug  7 06:42:24 2022
10249,Sun Aug  7 08:39:22 2022
10252,Sun Aug  7 10:37:43 2022
10253,Sun Aug  7 12:56:46 2022
10254,Sun Aug  7 14:33:30 2022
10254,Sun Aug  7 16:48:45 2022
10254,Sun Aug  7 18:41:07 2022
10254,Sun Aug  7 20:36:27 2022
10254,Sun Aug  7 22:36:05 2022
10259,Mon Aug  8 02:37:01 2022
10263,Mon Aug  8 04:56:18 2022
10264,Mon Aug  8 06:46:45 2022
10267,Mon Aug  8 08:44:09 2022
10270,Mon Aug  8 10:40:09 2022
10271,Mon Aug  8 13:09:49 2022
10272,Mon Aug  8 14:36:01 2022
10275,Mon Aug  8 16:54:21 2022
10275,Mon Aug  8 18:43:27 2022
10275,Mon Aug  8 20:37:40 2022
10275,Mon Aug  8 22:38:31 2022
10278,Tue Aug  9 02:50:30 2022
10278,Tue Aug  9 05:00:58 2022
10278,Tue Aug  9 06:45:25 2022
10280,Tue Aug  9 08:41:10 2022
10280,Tue Aug  9 10:40:38 2022
10280,Tue Aug  9 13:10:35 2022
10279,Tue Aug  9 14:37:34 2022
10283,Tue Aug  9 16:53:08 2022
10283,Tue Aug  9 18:42:50 2022
10283,Tue Aug  9 20:38:20 2022
10283,Tue Aug  9 22:37:17 2022
10287,Wed Aug 10 02:17:41 2022
10288,Wed Aug 10 03:23:08 2022
10290,Wed Aug 10 04:45:20 2022
10292,Wed Aug 10 06:45:26 2022
10294,Wed Aug 10 08:41:19 2022
10295,Wed Aug 10 10:39:22 2022
10296,Wed Aug 10 13:01:56 2022
10300,Wed Aug 10 14:34:55 2022
10306,Wed Aug 10 16:57:33 2022
10306,Wed Aug 10 18:43:19 2022
10307,Wed Aug 10 20:37:08 2022
10307,Wed Aug 10 22:37:02 2022
10312,Thu Aug 11 02:29:44 2022
10313,Thu Aug 11 03:33:43 2022
10315,Thu Aug 11 04:48:51 2022
10319,Thu Aug 11 06:43:55 2022
10319,Thu Aug 11 08:41:09 2022
10322,Thu Aug 11 10:40:20 2022
10322,Thu Aug 11 13:07:49 2022
10325,Thu Aug 11 14:35:01 2022
10330,Thu Aug 11 16:51:52 2022
10334,Thu Aug 11 18:43:47 2022
10335,Thu Aug 11 20:36:45 2022
10335,Thu Aug 11 22:36:49 2022
10340,Fri Aug 12 02:35:59 2022
10347,Fri Aug 12 04:54:30 2022
10349,Fri Aug 12 06:45:14 2022
10350,Fri Aug 12 08:41:32 2022
10353,Fri Aug 12 10:41:48 2022
10357,Fri Aug 12 13:08:15 2022
10361,Fri Aug 12 14:35:45 2022
10365,Fri Aug 12 16:58:34 2022
10365,Fri Aug 12 18:43:39 2022
10365,Fri Aug 12 20:36:40 2022
10367,Fri Aug 12 22:37:55 2022
10370,Sat Aug 13 02:29:13 2022
10370,Sat Aug 13 03:32:57 2022
10370,Sat Aug 13 04:47:26 2022
10369,Sat Aug 13 06:42:30 2022
10367,Sat Aug 13 08:40:53 2022
10367,Sat Aug 13 10:38:15 2022
10369,Sat Aug 13 12:56:31 2022
10370,Sat Aug 13 14:33:55 2022
10372,Sat Aug 13 16:48:46 2022
10375,Sat Aug 13 18:40:57 2022
10376,Sat Aug 13 20:36:21 2022
10377,Sat Aug 13 22:36:23 2022
10382,Sun Aug 14 02:43:33 2022
10384,Sun Aug 14 04:50:28 2022
10385,Sun Aug 14 06:42:50 2022
10387,Sun Aug 14 08:39:30 2022
10388,Sun Aug 14 10:37:49 2022
10390,Sun Aug 14 12:57:38 2022
10391,Sun Aug 14 14:34:21 2022
10392,Sun Aug 14 16:49:09 2022
10394,Sun Aug 14 18:40:59 2022
10394,Sun Aug 14 20:36:12 2022
10394,Sun Aug 14 22:36:29 2022
10397,Mon Aug 15 02:55:42 2022
10400,Mon Aug 15 05:21:51 2022
10401,Mon Aug 15 06:46:37 2022
10401,Mon Aug 15 08:42:23 2022
10403,Mon Aug 15 10:40:45 2022
10402,Mon Aug 15 13:09:14 2022
10404,Mon Aug 15 14:38:04 2022
10407,Mon Aug 15 16:57:43 2022
10408,Mon Aug 15 18:45:07 2022
10410,Mon Aug 15 20:37:11 2022
10410,Mon Aug 15 22:38:09 2022
10412,Tue Aug 16 02:53:19 2022
10413,Tue Aug 16 04:56:51 2022
10414,Tue Aug 16 06:44:34 2022
10414,Tue Aug 16 08:36:47 2022
10418,Tue Aug 16 10:37:19 2022
10424,Tue Aug 16 13:00:21 2022
10425,Tue Aug 16 14:34:20 2022
10428,Tue Aug 16 16:52:55 2022
10429,Tue Aug 16 18:45:43 2022
10429,Tue Aug 16 20:36:56 2022
10429,Tue Aug 16 22:38:18 2022
10433,Wed Aug 17 03:00:59 2022
10435,Wed Aug 17 05:27:27 2022
10435,Wed Aug 17 06:47:15 2022
10434,Wed Aug 17 08:42:34 2022
10435,Wed Aug 17 10:40:11 2022
10436,Wed Aug 17 13:13:51 2022
10436,Wed Aug 17 14:39:37 2022
10439,Wed Aug 17 16:58:18 2022
10439,Wed Aug 17 18:44:22 2022
10438,Wed Aug 17 20:37:20 2022
10438,Wed Aug 17 22:36:33 2022
10440,Thu Aug 18 03:03:19 2022
10441,Thu Aug 18 05:14:20 2022
10442,Thu Aug 18 06:46:43 2022
10441,Thu Aug 18 08:42:34 2022
10443,Thu Aug 18 10:41:11 2022
10445,Thu Aug 18 13:10:42 2022
10450,Thu Aug 18 17:07:40 2022
10450,Thu Aug 18 18:42:51 2022
10451,Thu Aug 18 20:39:23 2022
10452,Thu Aug 18 22:37:54 2022
10453,Fri Aug 19 02:54:20 2022
10454,Fri Aug 19 05:04:45 2022
10454,Fri Aug 19 06:47:09 2022
10453,Fri Aug 19 08:43:45 2022
10455,Fri Aug 19 10:41:59 2022
10456,Fri Aug 19 13:04:38 2022
10456,Fri Aug 19 14:35:57 2022
10460,Fri Aug 19 16:56:50 2022
10461,Fri Aug 19 18:47:03 2022
10461,Fri Aug 19 20:38:04 2022
10461,Fri Aug 19 22:39:08 2022
10462,Sat Aug 20 02:43:15 2022
10464,Sat Aug 20 04:54:06 2022
10463,Sat Aug 20 06:42:54 2022
10464,Sat Aug 20 08:42:18 2022
10466,Sat Aug 20 10:38:28 2022
10467,Sat Aug 20 12:57:21 2022
10467,Sat Aug 20 14:34:16 2022
10470,Sat Aug 20 16:49:23 2022
10471,Sat Aug 20 18:41:23 2022
10471,Sat Aug 20 20:36:43 2022
10471,Sat Aug 20 22:36:37 2022
10474,Sun Aug 21 02:44:43 2022
10475,Sun Aug 21 04:54:30 2022
10476,Sun Aug 21 06:43:05 2022
10476,Sun Aug 21 08:40:56 2022
10479,Sun Aug 21 10:38:21 2022
10480,Sun Aug 21 12:57:36 2022
10480,Sun Aug 21 14:34:12 2022
10482,Sun Aug 21 16:50:02 2022
10484,Sun Aug 21 18:41:27 2022
10486,Sun Aug 21 20:36:58 2022
10486,Sun Aug 21 22:36:40 2022
10487,Mon Aug 22 02:56:52 2022
10489,Mon Aug 22 05:29:36 2022
10489,Mon Aug 22 06:48:07 2022
10489,Mon Aug 22 08:45:15 2022
10489,Mon Aug 22 10:41:15 2022
10490,Mon Aug 22 13:09:49 2022
10491,Mon Aug 22 14:34:39 2022
10494,Mon Aug 22 16:51:54 2022
10496,Mon Aug 22 18:43:22 2022
10496,Mon Aug 22 20:37:06 2022
10496,Mon Aug 22 22:38:07 2022
10499,Tue Aug 23 03:05:47 2022
10500,Tue Aug 23 05:37:56 2022
10501,Tue Aug 23 06:54:01 2022
10502,Tue Aug 23 08:42:38 2022
10502,Tue Aug 23 10:39:58 2022
10504,Tue Aug 23 13:04:50 2022
10505,Tue Aug 23 14:36:04 2022
10504,Tue Aug 23 16:52:34 2022
10507,Tue Aug 23 18:43:04 2022
10507,Tue Aug 23 20:37:25 2022
10507,Tue Aug 23 22:37:23 2022
10510,Wed Aug 24 03:02:10 2022
10512,Wed Aug 24 05:28:53 2022
10512,Wed Aug 24 06:46:28 2022
10511,Wed Aug 24 08:43:12 2022
10514,Wed Aug 24 10:41:05 2022
10516,Wed Aug 24 13:04:39 2022
10516,Wed Aug 24 14:36:02 2022
10519,Wed Aug 24 16:50:19 2022
10520,Wed Aug 24 18:50:33 2022
10520,Wed Aug 24 20:37:35 2022
10521,Wed Aug 24 22:38:09 2022
10522,Thu Aug 25 03:08:19 2022
10524,Thu Aug 25 05:38:46 2022
10524,Thu Aug 25 06:57:12 2022
10525,Thu Aug 25 08:44:27 2022
10525,Thu Aug 25 10:41:42 2022
10526,Thu Aug 25 13:07:32 2022
10530,Thu Aug 25 14:35:47 2022
10532,Thu Aug 25 16:53:35 2022
10532,Thu Aug 25 18:43:06 2022
10532,Thu Aug 25 20:38:19 2022
10532,Thu Aug 25 22:37:33 2022
10536,Fri Aug 26 03:12:52 2022
10537,Fri Aug 26 05:42:14 2022
10538,Fri Aug 26 06:58:01 2022
10539,Fri Aug 26 08:43:17 2022
10540,Fri Aug 26 10:39:59 2022
10540,Fri Aug 26 13:03:23 2022
10542,Fri Aug 26 14:35:54 2022
10545,Fri Aug 26 16:53:40 2022
10545,Fri Aug 26 18:44:22 2022
10545,Fri Aug 26 20:37:53 2022
10544,Fri Aug 26 22:37:48 2022
10544,Sat Aug 27 03:00:33 2022
10545,Sat Aug 27 05:09:45 2022
10546,Sat Aug 27 06:43:13 2022
10547,Sat Aug 27 08:42:00 2022
10547,Sat Aug 27 10:38:42 2022
10547,Sat Aug 27 13:00:44 2022
10548,Sat Aug 27 14:34:31 2022
10549,Sat Aug 27 16:49:57 2022
10551,Sat Aug 27 18:42:04 2022
10551,Sat Aug 27 20:36:56 2022
10551,Sat Aug 27 22:36:36 2022
10552,Sun Aug 28 03:03:14 2022
10552,Sun Aug 28 05:08:49 2022
10555,Sun Aug 28 06:43:23 2022
10556,Sun Aug 28 08:41:28 2022
10558,Sun Aug 28 10:39:07 2022
10561,Sun Aug 28 12:58:45 2022
10562,Sun Aug 28 14:34:36 2022
10562,Sun Aug 28 16:50:07 2022
10561,Sun Aug 28 18:42:09 2022
10562,Sun Aug 28 20:37:36 2022
10561,Sun Aug 28 22:36:58 2022
10564,Mon Aug 29 03:08:36 2022
10564,Mon Aug 29 05:51:49 2022
10564,Mon Aug 29 06:59:57 2022
10565,Mon Aug 29 08:45:08 2022
10563,Mon Aug 29 10:42:12 2022
10564,Mon Aug 29 13:07:30 2022
10566,Mon Aug 29 14:37:01 2022
10565,Mon Aug 29 16:54:21 2022
10565,Mon Aug 29 18:44:20 2022
10565,Mon Aug 29 20:38:29 2022
10565,Mon Aug 29 22:38:02 2022
10570,Tue Aug 30 03:14:35 2022
10575,Tue Aug 30 05:54:34 2022
10575,Tue Aug 30 07:03:30 2022
10576,Tue Aug 30 08:43:42 2022
10576,Tue Aug 30 10:39:49 2022
10580,Tue Aug 30 13:09:56 2022
10581,Tue Aug 30 14:37:03 2022
10582,Tue Aug 30 16:57:02 2022
10584,Tue Aug 30 18:42:53 2022
10584,Tue Aug 30 20:38:15 2022
10584,Tue Aug 30 22:38:06 2022
10588,Wed Aug 31 03:27:02 2022
10590,Wed Aug 31 06:00:48 2022
10590,Wed Aug 31 07:12:22 2022
10590,Wed Aug 31 08:43:42 2022
10592,Wed Aug 31 10:40:45 2022
10593,Wed Aug 31 13:09:02 2022
10593,Wed Aug 31 14:36:51 2022
10593,Wed Aug 31 16:54:25 2022
10594,Wed Aug 31 18:43:25 2022
10594,Wed Aug 31 20:38:23 2022
10594,Wed Aug 31 22:39:40 2022
10594,Thu Sep  1 03:04:30 2022
10594,Thu Sep  1 05:35:33 2022
10595,Thu Sep  1 06:53:09 2022
10597,Thu Sep  1 08:45:29 2022
10598,Thu Sep  1 10:41:02 2022
10597,Thu Sep  1 13:06:34 2022
10598,Thu Sep  1 14:36:35 2022
10600,Thu Sep  1 16:55:11 2022
10601,Thu Sep  1 18:45:21 2022
10601,Thu Sep  1 20:37:58 2022
10601,Thu Sep  1 22:37:50 2022
10604,Fri Sep  2 03:11:55 2022
10605,Fri Sep  2 05:47:49 2022
10605,Fri Sep  2 06:59:47 2022
10604,Fri Sep  2 08:43:38 2022
10604,Fri Sep  2 10:40:47 2022
10605,Fri Sep  2 13:08:02 2022
10608,Fri Sep  2 14:35:33 2022
10610,Fri Sep  2 16:54:59 2022
10610,Fri Sep  2 18:44:23 2022
10610,Fri Sep  2 20:38:20 2022
10610,Fri Sep  2 22:38:33 2022
10611,Sat Sep  3 03:02:49 2022
10611,Sat Sep  3 05:12:11 2022
10611,Sat Sep  3 06:43:45 2022
10612,Sat Sep  3 08:42:19 2022
10615,Sat Sep  3 10:39:34 2022
10615,Sat Sep  3 12:58:41 2022
10617,Sat Sep  3 14:35:12 2022
10618,Sat Sep  3 18:42:29 2022
10618,Sat Sep  3 20:37:20 2022
10618,Sat Sep  3 22:37:22 2022
10618,Sun Sep  4 03:08:08 2022
10618,Sun Sep  4 05:14:07 2022
10618,Sun Sep  4 06:43:18 2022
10619,Sun Sep  4 08:41:25 2022
10618,Sun Sep  4 10:38:59 2022
10622,Sun Sep  4 13:01:47 2022
10622,Sun Sep  4 14:34:46 2022
10625,Sun Sep  4 16:50:58 2022
10625,Sun Sep  4 18:42:15 2022
10625,Sun Sep  4 20:38:26 2022
10624,Sun Sep  4 22:37:41 2022
10627,Mon Sep  5 03:13:04 2022
10628,Mon Sep  5 05:46:40 2022
10628,Mon Sep  5 07:04:21 2022
10629,Mon Sep  5 08:43:07 2022
10629,Mon Sep  5 10:41:32 2022
10629,Mon Sep  5 13:08:30 2022
10628,Mon Sep  5 14:37:45 2022
10630,Mon Sep  5 16:54:45 2022
10632,Mon Sep  5 18:45:06 2022
10632,Mon Sep  5 20:38:33 2022
10632,Mon Sep  5 22:38:58 2022
10633,Tue Sep  6 03:18:21 2022
10635,Tue Sep  6 05:57:02 2022
10635,Tue Sep  6 07:14:33 2022
10635,Tue Sep  6 08:46:26 2022
10635,Tue Sep  6 10:41:33 2022
10635,Tue Sep  6 13:11:07 2022
10635,Tue Sep  6 14:39:02 2022
10640,Tue Sep  6 16:56:44 2022
10641,Tue Sep  6 18:45:51 2022
10641,Tue Sep  6 20:38:52 2022
10641,Tue Sep  6 22:39:39 2022
10640,Wed Sep  7 03:17:49 2022
10641,Wed Sep  7 05:57:51 2022
10642,Wed Sep  7 07:13:58 2022
10641,Wed Sep  7 08:46:59 2022
10641,Wed Sep  7 10:42:42 2022
10641,Wed Sep  7 13:22:16 2022
10643,Wed Sep  7 14:43:49 2022
10644,Wed Sep  7 16:57:09 2022
10644,Wed Sep  7 18:46:29 2022
10644,Wed Sep  7 20:42:30 2022
10644,Wed Sep  7 22:39:51 2022
10647,Thu Sep  8 03:15:04 2022
10647,Thu Sep  8 05:42:14 2022
10647,Thu Sep  8 07:03:11 2022
10649,Thu Sep  8 08:45:29 2022
10648,Thu Sep  8 10:42:57 2022
10649,Thu Sep  8 13:08:24 2022
10649,Thu Sep  8 14:35:24 2022
10654,Thu Sep  8 17:01:23 2022
10654,Thu Sep  8 18:47:03 2022
10655,Thu Sep  8 20:41:41 2022
10655,Thu Sep  8 22:40:36 2022
10654,Fri Sep  9 03:10:14 2022
10654,Fri Sep  9 05:37:54 2022
10654,Fri Sep  9 06:59:07 2022
10655,Fri Sep  9 08:47:11 2022
10655,Fri Sep  9 10:43:40 2022
10656,Fri Sep  9 13:13:43 2022
10656,Fri Sep  9 14:42:01 2022
10657,Fri Sep  9 16:56:54 2022
10658,Fri Sep  9 18:47:17 2022
10659,Fri Sep  9 20:40:55 2022
10659,Fri Sep  9 22:40:46 2022
10660,Sat Sep 10 03:11:34 2022
10662,Sat Sep 10 05:30:29 2022
10662,Sat Sep 10 06:49:56 2022
10662,Sat Sep 10 08:45:11 2022
10663,Sat Sep 10 10:41:27 2022
10664,Sat Sep 10 13:02:52 2022
10667,Sat Sep 10 14:36:51 2022
10668,Sat Sep 10 16:54:04 2022
10667,Sat Sep 10 18:45:30 2022
10667,Sat Sep 10 20:39:35 2022
10667,Sat Sep 10 22:39:11 2022
10670,Sun Sep 11 03:10:30 2022
10670,Sun Sep 11 05:21:34 2022
10670,Sun Sep 11 06:47:24 2022
10670,Sun Sep 11 08:43:27 2022
10671,Sun Sep 11 10:41:18 2022
10672,Sun Sep 11 13:03:16 2022
10673,Sun Sep 11 14:36:35 2022
10673,Sun Sep 11 16:54:13 2022
10673,Sun Sep 11 18:44:47 2022
10673,Sun Sep 11 20:39:54 2022
10673,Sun Sep 11 22:40:06 2022
10675,Mon Sep 12 03:22:32 2022
10676,Mon Sep 12 05:56:48 2022
10678,Mon Sep 12 07:11:18 2022
10677,Mon Sep 12 08:51:49 2022
10679,Mon Sep 12 10:43:29 2022
10684,Mon Sep 12 13:15:09 2022
10683,Mon Sep 12 14:43:41 2022
10683,Mon Sep 12 17:00:46 2022
10684,Mon Sep 12 18:47:58 2022
10684,Mon Sep 12 20:41:12 2022
10684,Mon Sep 12 22:40:37 2022
10690,Tue Sep 13 03:17:36 2022
10693,Tue Sep 13 05:53:56 2022
10694,Tue Sep 13 07:10:23 2022
10694,Tue Sep 13 08:47:00 2022
10694,Tue Sep 13 10:43:26 2022
10694,Tue Sep 13 13:18:20 2022
10696,Tue Sep 13 14:43:45 2022
10697,Tue Sep 13 16:58:29 2022
10699,Tue Sep 13 18:47:31 2022
10699,Tue Sep 13 20:40:20 2022
10699,Tue Sep 13 22:41:21 2022
10702,Wed Sep 14 03:13:11 2022
10705,Wed Sep 14 05:47:56 2022
10705,Wed Sep 14 07:08:30 2022
10705,Wed Sep 14 08:48:08 2022
10707,Wed Sep 14 10:43:21 2022
10707,Wed Sep 14 13:20:20 2022
10709,Wed Sep 14 14:44:48 2022
10709,Wed Sep 14 17:00:33 2022
10710,Wed Sep 14 18:47:43 2022
10710,Wed Sep 14 20:42:07 2022
10710,Wed Sep 14 22:41:09 2022
10713,Thu Sep 15 03:21:45 2022
10714,Thu Sep 15 05:44:29 2022
10718,Thu Sep 15 07:01:50 2022
10717,Thu Sep 15 08:50:09 2022
10717,Thu Sep 15 10:43:28 2022
10716,Thu Sep 15 13:21:30 2022
10717,Thu Sep 15 14:44:02 2022
10720,Thu Sep 15 16:57:20 2022
10720,Thu Sep 15 18:46:54 2022
10720,Thu Sep 15 20:43:00 2022
10720,Thu Sep 15 22:40:51 2022
10723,Fri Sep 16 03:23:31 2022
10723,Fri Sep 16 05:47:17 2022
10724,Fri Sep 16 07:03:06 2022
10724,Fri Sep 16 08:46:01 2022
10724,Fri Sep 16 10:45:35 2022
10725,Fri Sep 16 13:10:50 2022
10725,Fri Sep 16 14:46:10 2022
10727,Fri Sep 16 17:03:22 2022
10727,Fri Sep 16 18:49:22 2022
10727,Fri Sep 16 20:41:03 2022
10727,Fri Sep 16 22:42:07 2022
10727,Sat Sep 17 03:03:26 2022
10728,Sat Sep 17 05:21:08 2022
10727,Sat Sep 17 06:47:10 2022
10728,Sat Sep 17 08:45:20 2022
10728,Sat Sep 17 10:41:51 2022
10729,Sat Sep 17 13:03:43 2022
10729,Sat Sep 17 14:37:04 2022
10729,Sat Sep 17 16:55:09 2022
10730,Sat Sep 17 18:45:27 2022
10730,Sat Sep 17 20:40:01 2022
10730,Sat Sep 17 22:39:39 2022
10732,Sun Sep 18 03:24:18 2022
10731,Sun Sep 18 05:26:51 2022
10730,Sun Sep 18 06:48:20 2022
10729,Sun Sep 18 08:44:04 2022
10730,Sun Sep 18 10:41:40 2022
10730,Sun Sep 18 13:04:35 2022
10729,Sun Sep 18 14:36:54 2022
10732,Sun Sep 18 16:54:55 2022
10732,Sun Sep 18 18:45:38 2022
10732,Sun Sep 18 20:40:05 2022
10731,Sun Sep 18 22:39:58 2022
10734,Mon Sep 19 03:21:56 2022
10736,Mon Sep 19 05:52:45 2022
10736,Mon Sep 19 07:14:45 2022
10736,Mon Sep 19 08:52:11 2022
10736,Mon Sep 19 10:46:47 2022
10739,Mon Sep 19 13:22:01 2022
10740,Mon Sep 19 14:44:46 2022
10742,Mon Sep 19 17:01:42 2022
10742,Mon Sep 19 18:49:58 2022
10742,Mon Sep 19 20:42:19 2022
10742,Mon Sep 19 22:40:27 2022
10741,Tue Sep 20 03:12:37 2022
10743,Tue Sep 20 05:47:19 2022
10743,Tue Sep 20 07:02:41 2022
10745,Tue Sep 20 08:52:20 2022
10746,Tue Sep 20 10:43:57 2022
10747,Tue Sep 20 13:13:49 2022
10749,Tue Sep 20 14:48:09 2022
10749,Tue Sep 20 16:57:30 2022
10749,Tue Sep 20 18:47:53 2022
10749,Tue Sep 20 20:41:37 2022
10749,Tue Sep 20 22:43:59 2022
10751,Wed Sep 21 03:24:41 2022
10752,Wed Sep 21 05:48:37 2022
10753,Wed Sep 21 07:14:00 2022
10753,Wed Sep 21 08:51:39 2022
10753,Wed Sep 21 10:43:36 2022
10754,Wed Sep 21 13:22:30 2022
10757,Wed Sep 21 14:46:15 2022
10758,Wed Sep 21 17:03:34 2022
10758,Wed Sep 21 18:50:17 2022
10758,Wed Sep 21 20:41:34 2022
10759,Wed Sep 21 22:43:15 2022
10759,Thu Sep 22 03:08:49 2022
10758,Thu Sep 22 05:46:37 2022
10758,Thu Sep 22 07:06:47 2022
10758,Thu Sep 22 08:49:00 2022
10758,Thu Sep 22 10:43:34 2022
10762,Thu Sep 22 13:12:54 2022
10763,Thu Sep 22 14:44:21 2022
10764,Thu Sep 22 17:00:14 2022
10765,Thu Sep 22 18:47:19 2022
10765,Thu Sep 22 20:41:55 2022
10765,Thu Sep 22 22:41:54 2022
10766,Fri Sep 23 03:18:01 2022
10766,Fri Sep 23 05:44:25 2022
10765,Fri Sep 23 07:05:34 2022
10765,Fri Sep 23 08:50:37 2022
10766,Fri Sep 23 10:43:56 2022
10766,Fri Sep 23 13:10:33 2022
10765,Fri Sep 23 14:51:06 2022
10766,Fri Sep 23 17:02:13 2022
10767,Fri Sep 23 18:50:32 2022
10767,Fri Sep 23 20:41:32 2022
10767,Fri Sep 23 22:44:12 2022
10769,Sat Sep 24 03:19:40 2022
10769,Sat Sep 24 05:29:18 2022
10769,Sat Sep 24 06:51:31 2022
10769,Sat Sep 24 08:46:25 2022
10767,Sat Sep 24 10:41:49 2022
10766,Sat Sep 24 13:05:33 2022
10769,Sat Sep 24 14:37:04 2022
10768,Sat Sep 24 16:54:31 2022
10769,Sat Sep 24 18:46:26 2022
10769,Sat Sep 24 20:40:11 2022
10769,Sat Sep 24 22:39:53 2022
10772,Sun Sep 25 03:12:48 2022
10774,Sun Sep 25 06:49:18 2022
10773,Sun Sep 25 08:45:40 2022
10774,Sun Sep 25 10:42:26 2022
10774,Sun Sep 25 13:05:19 2022
10774,Sun Sep 25 14:37:03 2022
10775,Sun Sep 25 16:54:48 2022
10774,Sun Sep 25 18:46:20 2022
10774,Sun Sep 25 20:40:21 2022
10774,Sun Sep 25 22:40:16 2022
10775,Mon Sep 26 03:23:13 2022
10776,Mon Sep 26 05:52:59 2022
10776,Mon Sep 26 07:08:45 2022
10777,Mon Sep 26 08:51:21 2022
10779,Mon Sep 26 10:43:58 2022
10779,Mon Sep 26 13:23:12 2022
10779,Mon Sep 26 14:49:42 2022
10780,Mon Sep 26 17:00:38 2022
10782,Mon Sep 26 18:50:08 2022
10782,Mon Sep 26 20:41:32 2022
10782,Mon Sep 26 22:42:42 2022
10783,Tue Sep 27 03:07:49 2022
10783,Tue Sep 27 05:42:39 2022
10782,Tue Sep 27 07:10:53 2022
10781,Tue Sep 27 08:58:43 2022
10781,Tue Sep 27 10:46:35 2022
10781,Tue Sep 27 13:25:32 2022
10781,Tue Sep 27 14:51:18 2022
10783,Tue Sep 27 17:05:23 2022
10783,Tue Sep 27 18:55:39 2022
10783,Tue Sep 27 20:43:24 2022
10783,Tue Sep 27 22:44:23 2022
10784,Wed Sep 28 03:14:43 2022
10787,Wed Sep 28 05:50:26 2022
10787,Wed Sep 28 07:06:25 2022
10787,Wed Sep 28 08:54:28 2022
10786,Wed Sep 28 10:48:05 2022
10785,Wed Sep 28 13:21:34 2022
10785,Wed Sep 28 14:54:03 2022
10786,Wed Sep 28 17:09:35 2022
10785,Wed Sep 28 18:54:14 2022
10785,Wed Sep 28 20:43:19 2022
10785,Wed Sep 28 22:43:17 2022
10787,Thu Sep 29 03:19:07 2022
10789,Thu Sep 29 05:49:23 2022
10789,Thu Sep 29 07:08:56 2022
10790,Thu Sep 29 08:53:47 2022
10791,Thu Sep 29 10:45:36 2022
10791,Thu Sep 29 13:23:49 2022
10790,Thu Sep 29 14:47:40 2022
10791,Thu Sep 29 17:06:05 2022
10791,Thu Sep 29 18:52:10 2022
10791,Thu Sep 29 20:44:25 2022
10791,Thu Sep 29 22:43:24 2022
10793,Fri Sep 30 03:36:14 2022
10793,Fri Sep 30 05:51:25 2022
10794,Fri Sep 30 07:11:02 2022
10794,Fri Sep 30 08:59:47 2022
10794,Fri Sep 30 10:45:51 2022
10794,Fri Sep 30 13:26:03 2022
10794,Fri Sep 30 14:53:05 2022
10794,Fri Sep 30 17:06:32 2022
10794,Fri Sep 30 18:51:56 2022
10794,Fri Sep 30 20:43:39 2022
10794,Fri Sep 30 22:44:00 2022
10795,Sat Oct  1 03:31:17 2022
10795,Sat Oct  1 05:42:10 2022
10795,Sat Oct  1 06:59:21 2022
10795,Sat Oct  1 08:50:26 2022
10795,Sat Oct  1 10:44:09 2022
10795,Sat Oct  1 13:10:16 2022
10795,Sat Oct  1 14:40:50 2022
10796,Sat Oct  1 16:58:08 2022
10796,Sat Oct  1 18:48:04 2022
10796,Sat Oct  1 20:42:10 2022
10796,Sat Oct  1 22:42:07 2022
10799,Sun Oct  2 03:22:36 2022
10800,Sun Oct  2 05:29:47 2022
10800,Sun Oct  2 06:55:19 2022
10798,Sun Oct  2 08:48:10 2022
10797,Sun Oct  2 10:43:45 2022
10798,Sun Oct  2 13:08:17 2022
10798,Sun Oct  2 14:39:45 2022
10797,Sun Oct  2 16:57:19 2022
10799,Sun Oct  2 18:48:17 2022
10799,Sun Oct  2 20:42:04 2022
10799,Sun Oct  2 22:41:53 2022
10799,Mon Oct  3 02:36:12 2022
10801,Mon Oct  3 05:14:41 2022
10801,Mon Oct  3 07:01:56 2022
10801,Mon Oct  3 08:52:49 2022
10802,Mon Oct  3 10:46:11 2022
10802,Mon Oct  3 13:24:33 2022
10802,Mon Oct  3 14:52:11 2022
10803,Mon Oct  3 17:09:52 2022
10803,Mon Oct  3 18:54:43 2022
10803,Mon Oct  3 20:44:16 2022
10803,Mon Oct  3 22:45:12 2022
10804,Tue Oct  4 02:51:18 2022
10804,Tue Oct  4 05:26:03 2022
10808,Tue Oct  4 06:59:35 2022
10809,Tue Oct  4 08:53:06 2022
10811,Tue Oct  4 10:46:05 2022
10813,Tue Oct  4 13:26:24 2022
10814,Tue Oct  4 14:55:06 2022
10816,Tue Oct  4 17:07:45 2022
10815,Tue Oct  4 18:56:23 2022
10815,Tue Oct  4 20:45:57 2022
10815,Tue Oct  4 22:44:32 2022
10814,Wed Oct  5 02:44:42 2022
10815,Wed Oct  5 05:23:04 2022
10816,Wed Oct  5 07:03:39 2022
10816,Wed Oct  5 08:49:23 2022
10817,Wed Oct  5 10:47:04 2022
10817,Wed Oct  5 13:37:38 2022
10816,Wed Oct  5 14:52:23 2022
10817,Wed Oct  5 17:23:35 2022
10817,Wed Oct  5 18:58:46 2022
10817,Wed Oct  5 20:43:55 2022
10817,Wed Oct  5 22:45:27 2022
10816,Thu Oct  6 02:42:23 2022
10815,Thu Oct  6 05:06:29 2022
10815,Thu Oct  6 06:55:14 2022
10816,Thu Oct  6 08:51:22 2022
10816,Thu Oct  6 10:47:48 2022
10817,Thu Oct  6 13:24:25 2022
10817,Thu Oct  6 14:52:25 2022
10817,Thu Oct  6 17:04:36 2022
10817,Thu Oct  6 18:55:24 2022
10817,Thu Oct  6 20:44:17 2022
10817,Thu Oct  6 22:44:13 2022
10816,Fri Oct  7 02:59:40 2022
10816,Fri Oct  7 05:10:07 2022
10816,Fri Oct  7 06:57:53 2022
10816,Fri Oct  7 08:50:29 2022
10813,Fri Oct  7 10:50:14 2022
10814,Fri Oct  7 13:25:44 2022
10816,Fri Oct  7 14:51:38 2022
10819,Fri Oct  7 17:07:17 2022
10819,Fri Oct  7 18:53:45 2022
10819,Fri Oct  7 20:44:07 2022
10819,Fri Oct  7 22:45:07 2022
10819,Sat Oct  8 02:37:48 2022
10820,Sat Oct  8 05:03:50 2022
10820,Sat Oct  8 06:51:49 2022
10820,Sat Oct  8 08:49:02 2022
10822,Sat Oct  8 10:44:43 2022
10822,Sat Oct  8 13:08:48 2022
10822,Sat Oct  8 14:42:57 2022
10823,Sat Oct  8 16:57:43 2022
10823,Sat Oct  8 18:47:49 2022
10823,Sat Oct  8 20:42:06 2022
10823,Sat Oct  8 22:42:39 2022
10822,Sun Oct  9 03:09:23 2022
10818,Sun Oct  9 05:21:07 2022
10818,Sun Oct  9 06:52:19 2022
10819,Sun Oct  9 08:48:14 2022
10818,Sun Oct  9 10:44:47 2022
10817,Sun Oct  9 13:07:55 2022
10817,Sun Oct  9 14:40:09 2022
10817,Sun Oct  9 16:58:21 2022
10818,Sun Oct  9 18:48:05 2022
10818,Sun Oct  9 20:42:40 2022
10818,Sun Oct  9 22:43:09 2022
10818,Mon Oct 10 03:12:07 2022
10819,Mon Oct 10 05:47:26 2022
10820,Mon Oct 10 07:07:16 2022
10820,Mon Oct 10 08:55:29 2022
10820,Mon Oct 10 10:46:07 2022
10820,Mon Oct 10 13:28:20 2022
10822,Mon Oct 10 14:54:54 2022
10824,Mon Oct 10 17:06:40 2022
10824,Mon Oct 10 19:00:06 2022
10824,Mon Oct 10 20:44:12 2022
10824,Mon Oct 10 22:44:51 2022
10826,Tue Oct 11 03:08:05 2022
10828,Tue Oct 11 05:44:26 2022
10828,Tue Oct 11 07:04:53 2022
10829,Tue Oct 11 08:53:52 2022
10831,Tue Oct 11 10:46:51 2022
10833,Tue Oct 11 13:25:43 2022
10832,Tue Oct 11 14:50:08 2022
10832,Tue Oct 11 17:03:26 2022
10833,Tue Oct 11 18:52:30 2022
10833,Tue Oct 11 20:45:57 2022
10833,Tue Oct 11 22:45:41 2022
10834,Wed Oct 12 03:14:21 2022
10834,Wed Oct 12 05:27:18 2022
10832,Wed Oct 12 06:58:50 2022
10832,Wed Oct 12 08:50:41 2022
10832,Wed Oct 12 10:48:19 2022
10832,Wed Oct 12 13:23:15 2022
10831,Wed Oct 12 14:53:01 2022
10831,Wed Oct 12 17:14:22 2022
10832,Wed Oct 12 18:55:23 2022
10832,Wed Oct 12 20:45:10 2022
10832,Wed Oct 12 22:44:21 2022
10836,Thu Oct 13 03:12:36 2022
10835,Thu Oct 13 05:44:26 2022
10835,Thu Oct 13 07:06:28 2022
10835,Thu Oct 13 08:51:16 2022
10837,Thu Oct 13 10:47:10 2022
10836,Thu Oct 13 13:30:17 2022
10837,Thu Oct 13 14:47:58 2022
10835,Thu Oct 13 17:08:28 2022
10834,Thu Oct 13 18:56:29 2022
10834,Thu Oct 13 20:44:40 2022
10834,Thu Oct 13 22:45:53 2022
10834,Fri Oct 14 03:24:58 2022
10835,Fri Oct 14 05:48:12 2022
10835,Fri Oct 14 07:07:20 2022
10836,Fri Oct 14 08:51:56 2022
10836,Fri Oct 14 10:46:44 2022
10836,Fri Oct 14 13:28:41 2022
10836,Fri Oct 14 14:51:45 2022
10837,Fri Oct 14 17:04:19 2022
10837,Fri Oct 14 18:51:19 2022
10837,Fri Oct 14 20:47:27 2022
10837,Fri Oct 14 22:44:42 2022
10838,Sat Oct 15 03:14:43 2022
10839,Sat Oct 15 05:30:54 2022
10839,Sat Oct 15 06:56:41 2022
10840,Sat Oct 15 08:49:57 2022
10840,Sat Oct 15 10:45:00 2022
10840,Sat Oct 15 13:09:29 2022
10841,Sat Oct 15 14:41:12 2022
10841,Sat Oct 15 16:58:37 2022
10841,Sat Oct 15 18:48:18 2022
10841,Sat Oct 15 20:42:41 2022
10841,Sat Oct 15 22:43:13 2022
10843,Sun Oct 16 03:22:40 2022
10845,Sun Oct 16 05:28:05 2022
10844,Sun Oct 16 06:54:30 2022
10844,Sun Oct 16 08:48:33 2022
10844,Sun Oct 16 10:44:58 2022
10846,Sun Oct 16 13:09:54 2022
10848,Sun Oct 16 14:41:24 2022
10852,Sun Oct 16 16:59:08 2022
10850,Sun Oct 16 18:48:25 2022
10850,Sun Oct 16 20:43:24 2022
10850,Sun Oct 16 22:43:17 2022
10852,Mon Oct 17 03:29:59 2022
10853,Mon Oct 17 05:54:34 2022
10853,Mon Oct 17 07:13:39 2022
10854,Mon Oct 17 08:59:57 2022
10854,Mon Oct 17 10:52:19 2022
10855,Mon Oct 17 13:29:11 2022
10855,Mon Oct 17 14:53:00 2022
10856,Mon Oct 17 17:16:45 2022
